FrameTimesStart	FrameTimesEnd	Left-Lateral-Ventricle	Left-Inf-Lat-Vent	Left-Cerebellum-White-Matter	Left-Cerebellum-Cortex	Left-Thalamus	Left-Caudate	Left-Putamen	Left-Pallidum	3rd-Ventricle	4th-Ventricle	Brain-Stem	Left-Hippocampus	Left-Amygdala	CSF	Left-Accumbens-area	Left-VentralDC	Left-vessel	Left-choroid-plexus	Right-Lateral-Ventricle	Right-Inf-Lat-Vent	Right-Cerebellum-White-Matter	Right-Cerebellum-Cortex	Right-Thalamus	Right-Caudate	Right-Putamen	Right-Pallidum	Right-Hippocampus	Right-Amygdala	Right-Accumbens-area	Right-VentralDC	Right-vessel	Right-choroid-plexus	Optic-Chiasm	CC_Posterior	CC_Mid_Posterior	CC_Central	CC_Mid_Anterior	CC_Anterior	ctx-lh-bankssts	ctx-lh-caudalanteriorcingulate	ctx-lh-caudalmiddlefrontal	ctx-lh-cuneus	ctx-lh-entorhinal	ctx-lh-fusiform	ctx-lh-inferiorparietal	ctx-lh-inferiortemporal	ctx-lh-isthmuscingulate	ctx-lh-lateraloccipital	ctx-lh-lateralorbitofrontal	ctx-lh-lingual	ctx-lh-medialorbitofrontal	ctx-lh-middletemporal	ctx-lh-parahippocampal	ctx-lh-paracentral	ctx-lh-parsopercularis	ctx-lh-parsorbitalis	ctx-lh-parstriangularis	ctx-lh-pericalcarine	ctx-lh-postcentral	ctx-lh-posteriorcingulate	ctx-lh-precentral	ctx-lh-precuneus	ctx-lh-rostralanteriorcingulate	ctx-lh-rostralmiddlefrontal	ctx-lh-superiorfrontal	ctx-lh-superiorparietal	ctx-lh-superiortemporal	ctx-lh-supramarginal	ctx-lh-frontalpole	ctx-lh-temporalpole	ctx-lh-transversetemporal	ctx-lh-insula	ctx-rh-bankssts	ctx-rh-caudalanteriorcingulate	ctx-rh-caudalmiddlefrontal	ctx-rh-cuneus	ctx-rh-entorhinal	ctx-rh-fusiform	ctx-rh-inferiorparietal	ctx-rh-inferiortemporal	ctx-rh-isthmuscingulate	ctx-rh-lateraloccipital	ctx-rh-lateralorbitofrontal	ctx-rh-lingual	ctx-rh-medialorbitofrontal	ctx-rh-middletemporal	ctx-rh-parahippocampal	ctx-rh-paracentral	ctx-rh-parsopercularis	ctx-rh-parsorbitalis	ctx-rh-parstriangularis	ctx-rh-pericalcarine	ctx-rh-postcentral	ctx-rh-posteriorcingulate	ctx-rh-precentral	ctx-rh-precuneus	ctx-rh-rostralanteriorcingulate	ctx-rh-rostralmiddlefrontal	ctx-rh-superiorfrontal	ctx-rh-superiorparietal	ctx-rh-superiortemporal	ctx-rh-supramarginal	ctx-rh-frontalpole	ctx-rh-temporalpole	ctx-rh-transversetemporal	ctx-rh-insula	wm-lh-bankssts	wm-lh-caudalanteriorcingulate	wm-lh-caudalmiddlefrontal	wm-lh-cuneus	wm-lh-entorhinal	wm-lh-fusiform	wm-lh-inferiorparietal	wm-lh-inferiortemporal	wm-lh-isthmuscingulate	wm-lh-lateraloccipital	wm-lh-lateralorbitofrontal	wm-lh-lingual	wm-lh-medialorbitofrontal	wm-lh-middletemporal	wm-lh-parahippocampal	wm-lh-paracentral	wm-lh-parsopercularis	wm-lh-parsorbitalis	wm-lh-parstriangularis	wm-lh-pericalcarine	wm-lh-postcentral	wm-lh-posteriorcingulate	wm-lh-precentral	wm-lh-precuneus	wm-lh-rostralanteriorcingulate	wm-lh-rostralmiddlefrontal	wm-lh-superiorfrontal	wm-lh-superiorparietal	wm-lh-superiortemporal	wm-lh-supramarginal	wm-lh-frontalpole	wm-lh-temporalpole	wm-lh-transversetemporal	wm-lh-insula	wm-rh-bankssts	wm-rh-caudalanteriorcingulate	wm-rh-caudalmiddlefrontal	wm-rh-cuneus	wm-rh-entorhinal	wm-rh-fusiform	wm-rh-inferiorparietal	wm-rh-inferiortemporal	wm-rh-isthmuscingulate	wm-rh-lateraloccipital	wm-rh-lateralorbitofrontal	wm-rh-lingual	wm-rh-medialorbitofrontal	wm-rh-middletemporal	wm-rh-parahippocampal	wm-rh-paracentral	wm-rh-parsopercularis	wm-rh-parsorbitalis	wm-rh-parstriangularis	wm-rh-pericalcarine	wm-rh-postcentral	wm-rh-posteriorcingulate	wm-rh-precentral	wm-rh-precuneus	wm-rh-rostralanteriorcingulate	wm-rh-rostralmiddlefrontal	wm-rh-superiorfrontal	wm-rh-superiorparietal	wm-rh-superiortemporal	wm-rh-supramarginal	wm-rh-frontalpole	wm-rh-temporalpole	wm-rh-transversetemporal	wm-rh-insula	Left-UnsegmentedWhiteMatter	Right-UnsegmentedWhiteMatter
0	30	8.33054661115898	0.8816805915465873	15.898671555220577	17.963674719017668	27.259615690612353	10.928118064147167	17.253078362424993	30.91359532291107	31.011566894496177	2.236505200582416	14.54137440272282	4.090640359568642	3.813770253556771	0.6041595902767286	4.587884911549433	10.578247081060315	1.2254601866006851	12.659237691455603	12.369057853129503	0.540329916451195	25.873527343821507	17.433700538723325	1.7663858457308792	4.3062832751331115	9.266310874182112	31.369813633978847	5.714453742810298	6.348422913020601	0.7345193085396031	1.8075285034374737	0.5970961077255197	10.954938821579255	1.1742120334737987	4.775208684394859	7.388337706753062	18.318235431147546	8.74308642423741	7.254459470233972	4.223600409410045	11.430566572966697	9.900262385992988	3.595344384901659	31.877362961431686	14.611268828120691	5.014188701214521	16.0499414783953	3.6137501376875267	7.239958636246818	10.85832246699857	6.361020363981161	12.023115789659155	6.728928400200628	27.247230347785866	15.99798353593963	2.6972137592709826	6.119824745817058	4.941762768966454	13.262631925162507	17.62658648048801	6.364579972408965	6.603035820068577	8.330785560668776	9.888115464585736	3.2802248217754806	8.939108868646384	7.26110235806634	10.89144073772727	6.835478304543427	1.9446825764490758	9.007747921664302	12.64155018272641	21.696739094623346	3.2994562270844314	5.204608220972362	7.21592117064827	2.6307716241305763	27.551272214011973	18.78805249465932	4.607336592974718	27.72950413392113	47.2539341139366	6.042550813256962	10.339174641030862	10.048340493952521	15.822471196847019	12.911614348790737	14.276930025481361	5.1627350625117785	8.249790460162183	8.780835170397397	18.509292731364127	3.0830279076075526	24.175592705585903	5.517006751706304	21.726360148131366	16.543718545288346	6.805606930034917	8.378931791938339	7.899557595719881	12.955635147609232	22.322674908457984	11.567013533058823	15.76738812945764	6.765414159980447	7.680190673342685	9.000857006427067	3.000482191570683	11.962304066842597	7.620165361960423	3.866592381988246	25.20698819798791	12.792965941047695	7.926877483735643	28.63067656237612	2.3384283931864984	7.039351232380493	7.573127712677379	2.432581170386235	4.9834617309818485	13.434430127855292	15.575921413480604	27.92039302604018	1.2655462130214603	2.955203364573361	2.341826579747665	7.10223347438981	23.16933749526539	5.260243581807626	8.13611199681717	7.404600673502238	26.301344057342828	3.081044680806947	10.994477643275106	12.892071285213001	16.058567548914706	4.842536188384143	0.9993946237679184	27.598597923507363	9.661587480658515	24.852658225661614	7.882633979294879	15.899522109197994	9.056907042925426	2.277912463255344	9.976351234856166	7.63983668258048	3.5732522782944978	25.409152468811637	14.470904489801615	6.556379442552248	7.992249117834759	8.34343723736912	16.37513407165026	13.14470669244353	12.524235793571929	10.749649906261947	5.592771836021136	15.783450119935466	11.633623954745213	2.9409271562434376	28.09071778619864	24.771594402349272	11.770664344437849	8.404232000967369	34.03484815670087	7.148128452346137	6.039266251474386	6.720662575618275	16.354731271668996	10.225260393517788	5.568890616248592	8.956379587913958	5.333951478596613	10.817420716902314	12.450509340785354	13.801426274647717
30	60	638.1869350504564	1038.3313793383147	708.0799434629779	1040.5638537594948	1222.9303147827522	740.804863450307	1637.6173250529605	1243.9560766882366	787.2150041852678	698.8656912533836	1064.7371092771768	837.9373613738225	1509.7280636106775	1763.0535782458735	1272.5473573133681	1017.7952390666923	982.8038635253906	652.1296760828354	553.781639158253	652.5391101837158	681.5463897078678	983.5885037984362	1142.9821333912455	921.9324035382095	1213.2581397461297	780.7643189137818	992.8312285270482	1074.2487411460236	1095.1178923998873	988.9429037711528	864.0470809936523	642.4384475737409	1485.3667187960643	520.9977404040103	969.3089314479115	731.2471438556079	892.1117510525686	762.1287113706206	1319.0017524387526	1605.1344889595744	1355.0098327831274	1732.1524523057694	1041.5898630796528	1025.8224054492107	1138.944222780242	959.1397609488376	1124.097547805159	1151.0439268689072	1174.089738908909	1346.450845397247	1226.3795608170901	1058.9101672516858	1044.4670773099092	1258.6245362380455	1296.4815563266432	901.6337212938781	1275.5031169966676	1523.540409466569	1305.180029592465	1429.7277497717816	1377.6265850542804	1337.8176560212432	1538.9628067215456	1198.3655680266309	1301.5181631862554	1288.7485905203353	1412.5784156444763	1310.4554367392298	989.5626786543535	1432.9811089873901	2295.8048678660957	1454.6343938934035	1664.093666185501	1628.2641212383628	1186.6611718320576	1748.9946894996674	1267.3464736198514	971.8794123319657	1182.2019492289453	938.328793812555	1241.4554521372356	1104.7506925842442	1230.2295486354424	1417.806344399336	1271.0112658886324	1116.7279780964216	852.3106494285325	1455.892961183941	1253.4714372312199	1197.0828950875784	1110.7617035408093	1826.4772453648097	1259.3426231405128	1268.022192991921	1111.6291847960747	1343.7880442937214	1732.7436600024207	1137.5470074296188	1311.9439684274362	1271.2029381083669	1403.4010508318352	1348.7953786620965	1213.1163544785438	940.8418227927948	2078.4104414324893	1613.9606440594653	770.8366504859692	858.1378470290874	832.591727187521	1467.6583418065966	488.92925922061164	648.2231684892795	990.6463186821655	721.0925008740146	617.2966684548252	1007.6349652193751	945.0304882575188	997.0191129898188	999.7587380485622	866.8681593148253	916.5994320334433	867.0531470701638	869.4394884069832	789.5499129486084	907.6134586816886	1144.9056566977486	1150.2015881535767	866.4566186158942	914.5387353221784	883.5881767091338	817.9513263675678	946.9466759124261	906.2420973121673	970.9084150822501	1089.6453626321709	902.6250489544176	1185.2965494043688	1074.7875048907506	1690.3786440983374	1005.5640220842366	984.9514191435408	743.2927688733979	869.0301744339341	1300.3810863861931	703.5828382164633	808.9227857161364	989.4534971765139	747.3986660101627	690.8526448837403	922.0460186618728	867.0520873530626	958.0649249882424	928.0755154647452	922.2409372994935	819.4716774028425	898.309200462022	861.4050364037082	1049.2679800013207	782.2284738995681	1246.0291964794208	1061.6534073998437	802.6016002184774	853.2263083141875	1035.9780355460734	801.8075557059628	914.6989563020655	940.4519271941441	990.7416398790148	1113.932829725842	927.405524077822	942.4707370023115	663.5554827725823	1533.9407350917822	950.8025810799638	605.5258647280759	592.5388798827829
60	90	4715.793580775417	8335.752602025083	6851.992713291664	8902.460520270912	9839.711917586486	8187.881540873394	11140.019265708455	8017.340897454156	7778.20052734375	5950.9895006799015	7837.314612780637	9080.29813180665	8237.648159658982	12439.642402200137	10515.014227430556	7987.024441879735	7848.8961181640625	6271.448536879596	4517.648789739299	6292.855115105124	6786.390090429146	8877.974197689004	9976.599674714023	7769.826374985603	10457.826404498712	8231.603626216911	8002.567848642901	6951.304483449574	9412.207359566717	8529.595053831054	6373.917236328125	7247.057858035284	6504.520001105542	5061.938088345354	5929.700929669804	4873.592233361476	5019.933991438188	4584.855495434212	9966.9520202735	9502.241540667654	10122.24926313112	12419.743041095402	7554.457894447879	8371.847798573424	9031.113343145935	8004.159319229309	10408.649930166044	9533.334795306957	8791.512855231204	11487.613627462059	10285.674833228566	8534.662013626072	8613.520265328938	8221.842014535168	9512.536798915578	8701.847880590596	9874.760747631752	12376.089771479194	9256.281186137183	9868.093770125679	9220.208159579299	9605.306789597904	10577.539038531373	9441.79493670415	9483.98636027484	9033.420901008792	9874.666235604074	8804.32779551713	9670.387202641108	8338.215875971056	13172.163963305857	10534.751750825159	9514.809313139058	10745.531722650296	9535.337738841006	12533.821092216132	7437.880041335662	7972.689602853788	9051.847057089899	8113.933054848323	10325.022219097258	9242.552952453188	9125.279768050457	11281.25991644561	9834.650074106403	8606.707131022533	8394.455785971508	10044.40409457462	9323.144979106974	9174.50576673588	9617.017694546934	12162.832526929451	9151.0970607993	10586.692893137677	8972.095034417345	9989.071914336722	9767.062271036191	9292.83035798295	9782.883136538383	9245.619663299398	9583.821336630015	8832.21282975126	9749.94360622629	7940.241077559957	12905.132167694948	9626.005937564305	6361.934862924406	5132.394158791062	6604.433162637473	9229.185303303846	6090.6114456658015	6154.78473597139	7273.551489031482	6527.989879273699	6181.856716260461	7672.971100904764	6596.860879845509	8675.511886816876	8073.90330570716	7044.282983296978	7906.7638667886995	6311.523537732857	7262.160774217357	7879.281059326172	7376.6365462743515	8643.859502343497	8016.302453888728	5581.249700999204	6366.785913936816	6607.448601978053	5597.597499387939	7115.8297067438725	6624.909321375382	7309.115327884457	7572.895606662916	6423.429944880617	9591.325830796186	6291.54192197943	10304.645643805952	7139.337662953892	5641.176363444881	5714.890232990941	6408.591527822905	10148.199064226212	6191.28556862198	5893.0410269076465	7042.779830239973	6110.404295279061	5835.949614020482	7582.344485411938	6131.238406747932	8162.476020087838	7111.04427450356	6945.4755927131455	7427.884488076932	6615.282533151936	6026.876744491858	8070.046540327513	6704.541850787527	8512.341565901008	8218.366653911371	6217.144471493067	6220.762729042127	7100.471890510392	5107.1673864311615	6923.091168854608	7100.626577832429	7303.558518882951	7686.079526839718	6228.903619796495	8576.820376334934	6554.310022690717	10663.65354454815	6492.822161853171	4466.833787276695	4491.8785783610665
90	120	10561.089112820477	15687.119423314145	15631.362655778346	20109.903683984132	21952.64086570623	18197.521272807622	23806.057655333072	17550.785340627033	17523.4276328125	13034.995535759757	16887.694325462653	17128.957038824166	17806.74387551524	24603.306001551013	19999.63053240741	18146.32151633523	21810.90576171875	14906.100063189338	9525.613318170328	13896.040286793428	15339.919520393616	20079.030495693765	21724.35953924489	17574.12023223952	24171.65602736956	18167.26599350662	17538.366547700243	16588.994921080644	21895.262381374618	18676.349102409033	21263.223388671875	15313.793247230251	14720.497862617925	10360.080647918036	12529.24831783515	11715.354541307426	9502.426762418927	9975.783515768378	21739.767065862143	19990.92648093271	22276.74918851036	25660.315632289065	16558.159656276435	19014.441245538535	20399.091206501493	18343.65102173312	21488.232194924578	21465.29077727304	20037.871158734066	25199.253710177898	21863.59460341309	18755.73702161733	17279.873581738135	20824.219986468946	21046.383174751245	19983.99256199828	20934.022873566348	27538.847254227454	19674.657333564777	22525.16746705163	21022.234953528387	21101.851113456185	21966.53137726705	21176.354189270613	20984.28760820959	20804.59856610119	20223.281688574523	20257.920619351724	21550.32467630026	18157.371011853636	26282.66472917692	21758.369788428576	21073.04089383557	22998.956303081446	21847.953091134546	26036.226378135107	15880.371794890967	18459.02781624293	20022.059734278377	17403.043782794288	22942.935627688446	21370.84069802132	20366.87659668657	24034.86588966193	22268.260506407212	19446.591635184104	17194.739194998238	21059.02363221567	20623.805525464984	22094.74503791422	22138.34941051476	28064.197464941233	19580.990714649815	23067.408069866982	19851.11358597163	22701.968220821796	22777.866221430115	21010.311248824448	21495.543782116067	20375.97073883706	20605.172988765495	19618.580571984836	22439.656294093496	16723.943330071754	28272.007792421144	20822.28487403776	14127.51995292041	10272.607571514616	14932.957915940182	21328.43493168293	14786.15034351809	14272.24284789158	16738.06292744144	14868.7533971403	12855.326573650782	18068.839316757712	14447.515731249467	19102.72128187703	17330.838660158803	16079.0093482148	16386.543880008932	14427.900122346378	15093.731069890076	17614.984993164064	15295.268022651366	19205.25294117832	17810.20188199234	12962.627554042558	14868.530776573056	14690.135983394674	11830.116642970665	16135.448126382678	15486.380316759576	16640.723713755182	16014.118576646888	15150.540474323463	23999.00634765625	14227.624717756504	20384.711820809847	15431.635944948768	13824.96195531835	12118.276524800845	14748.156323336736	21579.556597121682	14561.096961636216	14021.05205314071	16173.367719780323	13850.862981213522	13797.280639682149	17471.072792868472	14582.099992444528	18292.02998672751	16996.028050833196	15997.988578508784	14111.382179453163	14064.909596541993	13760.285332435424	18505.07509800378	15745.800993812467	19684.467625108307	17631.41900676552	14422.192367938631	14229.30871845648	16386.252219307968	11576.430655253916	15825.62778035616	16071.791888930782	16264.949953205809	17343.018933732594	14369.998802441898	19495.751814256022	13804.615325764538	23988.23650198887	15324.784092576052	10080.7805165626	10131.761774098
120	150	14477.684924120787	24081.59673751028	24090.66726935054	31107.373281633445	33304.44345195432	28358.684942650765	39562.752532651175	31077.392567104762	25956.34379799107	20725.298705895533	25085.790506555517	25878.36805438857	24719.916552834227	32528.574517941943	31355.34277488426	27550.79433514836	29630.67529296875	20629.020916819853	14383.340339600138	21946.14285098805	23073.206446219636	30571.30951764202	33727.75873269679	29524.270378723893	38839.426338005345	29209.37365453163	25998.062424042942	22820.845034375794	31397.160973447088	26573.93035824324	35063.990478515625	21982.934833739764	16148.092054834906	16573.349095436286	18062.42980196684	16620.977048835906	15644.474769064465	14822.09554102837	33876.370572444896	29322.791533215597	35244.88516941314	40666.903462363174	24627.469915164627	28564.760549901144	30963.76489169733	28784.163983658564	33533.09495232054	34139.34462356989	30571.01364253566	38071.02917027477	32593.450163071666	29778.573256248776	26343.17586999493	30301.49020314949	30923.39560848103	30983.844739463875	32004.24736203361	45270.29551558355	31235.974364695772	33979.53574626359	32770.091130397675	33363.16955204523	30252.461233608003	32274.66813589312	31770.98733278521	31428.54777464733	30266.53839407078	31971.895821605707	34300.37347808442	25366.888980190713	41708.43480714813	31188.19319006901	32066.28500345145	34113.28955928789	32846.16392589848	39943.06003949559	23754.728052518025	28462.709435469842	30214.557883746158	27293.952699497768	33407.77380276078	32705.394031204618	29785.541414280655	37953.65990547615	32346.325141768768	29517.07853276007	25159.123230573503	33193.335867372516	31795.90122880998	33728.662756729536	33503.98096655413	44580.22043504902	31213.985741431337	37370.123703883444	31233.424586162557	34905.26317023723	30533.59600366342	32400.580780681295	32980.14115092916	30696.095436258518	29912.447031572832	30288.206054997423	32281.331985710814	24694.645690320755	38658.32799357476	29690.587936369397	22616.19956934902	15462.376156504919	23682.331263244367	33464.15108180086	22149.039980178863	21719.94467426052	25567.61481916619	23380.035366705528	19449.478700134343	28429.46802468268	21741.767105231604	29333.242006558437	26582.844533101605	25222.440092993642	24653.747447677386	22159.980070650006	23203.240210874832	29122.599934570313	23000.833924193863	31308.70644128284	28909.541515461613	19960.28543206601	23127.989416883374	22965.514494016203	16221.634427623589	25464.08894979915	23405.796990652176	25890.953117464796	25293.805031419837	23887.895380057133	35473.99814022289	23648.23055201183	34635.64567748052	24031.27419630696	19986.845286040552	19315.227357534106	22870.196762791504	33727.35482872917	24017.025101056046	21613.302323607506	24527.140777511257	21539.7919088947	21376.86334193118	26093.925091159064	21782.000623032283	28819.489835317832	25335.851166397893	24507.757587418142	22671.77630327761	22657.85199800481	23955.799919393034	31127.729177324287	25420.54151908928	31483.698056515652	28476.151401897077	22469.619819710108	21599.696312380514	25724.997052128314	16596.803815688232	24882.94647238859	24747.529722082127	25470.5064433197	25618.2538833527	21523.214592272245	29084.236162378154	19639.03535600142	33602.19263467138	22852.216012516416	15615.38462306456	15464.354860678704
150	180	16370.883387014961	25489.817626953125	26965.076753029716	34596.66808898467	37102.670075019116	32123.10079267921	41366.54390430153	32233.48957400852	29738.962613839285	22144.196348267396	27391.47639724365	28936.633887829626	25779.28106627045	33096.106689453125	39867.79907986111	29708.060113439078	34309.37060546875	24540.866247702204	15424.239988474168	25623.061264935663	25918.490505711452	34137.705781950215	37453.816673987116	30881.713398581465	41633.040205049445	33827.49319280841	29595.74997784586	25293.80998139219	33660.66938985813	29430.420817788156	27787.120361328125	24293.52722897098	14837.590912441037	17685.913219356305	18184.326365417965	17718.233552119647	15151.93774506191	14844.828013483891	36447.72439550624	31204.395532756625	37816.7033338314	42920.0922221661	26460.590120807035	31854.917766376493	34433.69246320515	31969.871226658917	34952.92911674552	38734.80720148243	32855.24768283556	42644.75362139949	35986.21092869103	32900.023034108475	29589.85598943604	33684.42494489616	34375.96326414801	34194.0507837586	36236.620762784914	49021.58088320623	34247.37889045101	38956.06338179348	35444.115757060616	36869.56275747642	33858.67752608126	36380.81748721691	35408.56228082893	34949.31881818294	31961.599730857273	34630.31579292691	35429.396681443555	25805.968640231345	42402.11114511565	33028.06703601277	34702.835036887365	36148.7546535585	36374.55284671713	43166.537440209235	24654.55206139931	31219.828964383403	33864.40583471341	30483.46614312066	35007.18704472424	37412.742676571725	33661.57632398208	41249.64660688121	34547.928574166144	32766.998706199756	29471.700123958537	36843.31849067752	33117.13450382969	36655.53732954928	36625.55843018045	48295.25544507576	33386.42200087893	40089.758261334224	34259.15934188127	38314.20342097101	31564.620608841375	36461.28378749047	35911.231907076115	33827.50303357713	32115.28964673764	33144.12474731071	37353.08882598538	26931.04891030149	40780.15422021028	31970.87533599479	24972.923481689155	17502.29866505218	25971.02310085837	36414.406125041656	22864.3099100258	24548.04588146381	27823.90057847937	25844.92513522887	21875.553045901648	31738.991108611826	24967.91348748721	33787.12464124855	29552.576093660613	28538.414307204286	28361.677631683895	23614.834227878553	26105.377710642733	32711.555405273437	26761.772063218687	34516.601545814694	31588.208067739146	20372.25696458303	25764.887414234407	24926.649423471685	19888.986849231882	28713.72318229127	26467.12232133918	28393.12892511232	27274.431788966966	25972.326709074852	36046.877089556525	24924.713205326498	34479.88226852619	26020.64962765834	22612.15293560606	20285.07222419736	25999.82957126292	38008.83097812166	23681.35733512155	24296.59395728398	27405.26221580277	24237.92895883998	22224.526405753764	29750.30182926065	24165.31935676801	32053.60380903497	26172.15726467639	27225.49909373029	26950.616699945	25713.42889386936	23563.25335520803	30529.56134897687	26890.154050629164	34771.522724865266	30663.143835635925	24423.9736163118	24345.408208912922	28022.759938015857	18377.32354310778	27949.21783735991	27011.482619941828	27931.84298176718	28153.201315967555	23896.92336535051	35883.94252168148	24611.298843791777	35101.61634580387	25261.58078878171	16977.174678513635	16676.907785447584
180	240	16457.034476786434	25994.19880756579	27698.518407229345	35188.01228680017	37356.905008362	32150.56891839036	42007.294618501284	33949.915435791016	30087.2458359375	23512.26013358662	28553.70393842534	30062.121425195513	26488.939488073556	33204.02616972082	36711.86705729167	30175.79148654514	25087.28759765625	24455.913740808825	15577.961509391052	25453.944795496325	26426.465157663377	34655.598102222175	38664.9668909951	30726.890914369626	42586.55701526076	34011.24461253705	28814.031758160636	27054.214122871123	35722.81044622316	29826.985936889887	35388.998291015625	24117.339898317077	13717.842275943396	16894.797739459125	18620.532016430137	18364.993404312438	16697.418608736243	16113.793076283391	36668.35791959164	32828.3608691531	37915.347023352115	42494.98247869527	25894.01441001594	32795.0235339584	34414.28023412197	32494.301077449407	35781.8547254973	38753.893677017164	33484.7993824841	42510.90502799131	36147.26230577981	33221.07004164643	30414.112791495805	34283.603190512345	35271.923416899874	34168.56732583142	36119.87630253702	48409.103110494034	34441.811065574446	39314.637737771736	35966.24827580293	38432.22879305893	34962.75932443256	36215.94479197886	35324.88566230272	35218.423410539035	32604.065058253378	34624.665609595606	35580.392168378494	24959.092878732823	42845.540951033465	34023.89152648501	36191.287020392316	36552.1938085257	36663.65076412189	44118.97435072278	25946.368014013846	32258.67295566131	34118.22835713636	31218.00331711542	36270.95775377023	37533.51886455382	33609.67949198736	41905.92720523308	34973.489454327384	33304.448760813524	29140.7908964487	35478.31850311147	33918.981140177966	35694.3668656663	36648.01331560707	48512.31829496713	33712.67115353137	40566.68894793788	34590.69917048519	37835.95301885704	32309.41811714553	36225.29662752171	35776.9829734894	34044.878917531765	32642.35336499454	33597.25731486945	35512.28327902364	25576.054675077972	39210.63101818049	31737.820437018294	24838.988071009535	18393.222296365162	26157.337746781115	36142.33247446164	25899.781845177702	25582.897779409937	27331.73464562669	26211.290733525035	21688.13546248203	31857.2439498313	25175.490891456342	34558.58300520277	29812.102439139628	28198.40350173638	29296.45905217107	24999.29611164468	26584.049770742815	32383.039390625	26746.89945389253	34792.30307059961	31749.588947806307	22020.571966252563	26552.10039924915	26009.06158642368	20550.336321149553	28896.47350553487	26886.55774317574	28977.553304911515	28148.138151351264	26232.429004690395	37797.470875459556	24386.87300171604	35653.167288782744	26076.59175295629	22672.02358824922	21086.502823105475	25951.77072584952	38940.74354828381	25992.993130064526	24912.638787947697	27855.37623725583	24910.78976744893	22719.663761791027	30214.05589877594	24516.49586331985	32783.45906738935	27113.642019121315	28253.365127848814	26519.074396438864	25406.042738795524	24831.96972570861	31530.40504476201	27526.770824487197	34882.84972958562	31487.377749738254	24560.92353227444	25512.24442483203	27576.043318077758	18777.807759077128	28185.131725281903	28079.614917382383	28630.578241734092	28839.820599372528	24428.650614958526	33891.16213177322	24021.202286827374	36259.960807508316	25407.180325673893	17324.278772891466	17183.49980625497
240	300	16368.412047583584	25202.92330129523	28122.65828467082	34716.58179351373	37646.20587012615	31142.308269414418	41703.8681402439	32176.859093560113	28260.56942075893	22364.782751767234	27954.994016238717	28847.65622657058	27126.77521488369	31823.432382621017	37535.039644097225	29664.99814236111	29816.04052734375	23460.49007352941	15707.271770760579	26718.31137982537	26666.278484036142	34297.93374515193	37960.95045906148	31239.46304946637	41474.583720516704	33635.34609598579	29628.121908705943	26701.983245027324	35185.686740318255	30119.692458123354	29070.191162109375	23763.233573428468	15534.067419663916	17144.88260566138	17940.950428670018	16582.014108604642	15736.480892541274	15386.514643658238	35154.895290012326	32950.37071210489	35922.255308835665	41348.03144858397	25630.822829906298	31651.233067978166	33999.92240315729	31671.20173790964	33826.31380923764	37710.299971915636	32588.90114212388	40552.940139931234	35079.75870590581	32924.668342487545	29790.25254524887	34332.66355187108	34645.885941969835	34178.61991399083	34784.346090120496	46180.31466138926	34198.00503136408	37821.40714877717	34969.792366416405	37154.31830763332	34155.31370012829	35158.58425081939	34111.56732314383	34423.696071325896	32024.08215210964	34226.76786529333	33831.69173990072	25393.743156492248	42783.72766824557	32824.95280748188	34630.15437866717	35486.11013719512	35452.579187203024	41149.44345020403	24483.58358358059	31999.372399033407	33760.79420505973	30803.27678765191	35475.97865244777	37126.93923086194	32905.43413638201	40621.75894628891	35012.47555024168	32237.120994421202	28324.409942188107	35128.58522801876	32808.456545938694	35742.35059594542	35275.23923316503	47039.606964927305	32902.356304310306	38026.346024005004	33759.568845089685	36613.58845869077	31504.900810329527	35811.28285814651	34442.83359795477	32994.88667816811	31708.139058771736	32819.68247782615	34184.258188378975	26200.618559337796	40111.722046582945	31924.16797605741	24691.834141088897	17929.38133640985	25895.144908630635	36082.05180174317	25567.58654445443	25187.576767392566	27957.718196675658	25842.674378755906	21430.993929642576	31627.648262271046	24722.178297930168	33178.35875771089	29380.55605002656	28204.32640831225	28486.231077917622	24824.773158320346	26787.14882597807	33026.60678710938	26316.37733921461	33073.09745287818	31617.511932121113	22346.377921454186	26231.475008133813	25447.005716466116	20428.58432836025	28426.265388266576	26867.257110094615	29004.68224276076	27704.914575991424	26441.31317726027	36160.51283892463	24838.37117701183	36450.39029343501	26235.170972731707	22028.23718004958	20700.024138380377	25377.421733752788	36765.374464039116	26324.46373236795	25371.763724131466	27549.45163327579	24832.964666372813	22133.094398344725	29808.710540774748	24785.489742680842	31869.233962379465	26856.055548026885	27396.15249013292	26566.910248725675	25931.23066715766	24652.519461800497	32239.230325567172	27091.854929560934	34210.07001078325	30903.871355209852	23691.221707111195	25052.86215001022	27517.426147804883	19616.9693618395	28179.208161517883	27074.050522526737	28064.13289038367	28574.25345836717	24356.308534801046	33816.73002078555	25560.836322641626	36299.36383046485	25396.659552209574	17421.58120733411	17438.63573070171
300	360	16453.796386960752	26438.33844315378	26798.06263712416	32980.97133124152	36123.63157157875	28797.424562896213	38576.81753163396	30872.583876715766	28210.34670200893	21494.17484988694	27549.590474339813	30012.908484076073	26144.04387341833	29885.38517850988	33216.792413194446	29126.490057804607	29872.513671875	23653.544317555148	15069.431811541039	25043.889260684744	26211.60297631728	32544.755992346374	37064.93571956145	29934.53501948326	39225.93097129968	32273.63406214866	29071.870488862794	26208.137067274085	34599.51867091641	29885.684786140057	28175.010986328125	23571.52768620544	13668.429558520047	17137.988389406073	17367.65342427272	17623.386801427103	15590.517177672957	16455.765613051844	34636.718973304145	31668.56680660321	34582.12252817623	39390.12436923762	26155.999941030062	30719.9189667477	32698.16018787858	30548.59799739405	32742.23654513889	35684.022513969154	31195.21464094825	39402.60559060272	33368.22133948505	31194.924421134903	27826.02334065387	31986.668592035658	31996.014225357587	31748.544796086582	33471.45444386977	43655.16629952752	32374.61916155354	35666.83377649457	33118.27925955501	34640.53420050736	31922.451261810384	33579.666280628495	32890.78287708466	32833.85536410959	30543.390570277632	32905.30517559107	31302.309199589472	25357.22591386705	38531.592039862204	31902.828824705575	32719.379844612864	33972.17548096554	34300.43676098413	39427.62202008585	24579.01986374984	31103.82919687074	31645.189329817043	29589.606690325058	32869.55334247619	35342.72712634139	30835.730793728784	38808.706094562665	33122.21614758681	30658.928017820475	28029.310349512973	33854.099745402425	31429.94201079917	32912.421279792004	34015.87046225203	43212.30923347677	31123.32957572129	36577.50841381853	31941.095646460508	34406.43611446797	31024.885123872795	33336.18303325387	32471.775467347776	32252.558108390647	30511.153216606748	31039.024874089246	32915.90999288722	25591.532122727087	36695.93844918224	29707.035554942384	23779.282973852867	19111.88693211922	25168.420326079668	34715.837270389035	25645.1732764306	24818.240787889878	27096.142759943887	25337.84214519179	21287.478769124795	30612.391894882712	24251.70679223866	32074.190667521267	28260.845279490335	27285.409885241505	28022.2639649933	24629.552531644134	25549.934587720032	31326.211958984375	25127.714994929665	32089.096828910784	29921.09309201616	21317.510596960994	25176.24175326391	24437.458568046324	19443.62618753556	27414.451281627822	25777.271541027803	27162.665066967063	26733.212139494524	25529.762434734985	33867.729736328125	25102.89567151373	32668.423341138925	25865.492443660227	21195.45811956885	20952.928067302593	25070.08649541826	35252.60901862081	24568.1536485688	24854.139799031134	26361.83249915869	24088.82446665248	21515.71056855841	28462.430137497995	23320.889770713762	30759.60692313525	26025.26209396005	26494.59159889572	25983.615257130794	24956.702044670295	24252.015546157734	29976.564771463523	26158.311525478915	31444.950289338627	29200.09545958895	23205.74664431558	24409.75825357973	25680.837980708493	18931.91770496861	26795.103044763182	25773.985593882207	27110.133759079115	27194.89032427242	23470.543509493302	31762.278862349485	25147.36388833765	33031.70241654534	23923.03722650561	17118.475007530087	17212.105000859407
360	480	15703.22393789753	27214.686163651317	25841.27200412194	31096.858929203707	34975.971963876145	26303.149384600536	36759.67312216326	30902.17737748888	26567.189065848215	22009.890177461904	26560.028643761238	29858.709542439567	25256.709548045277	31303.19465667126	32788.17574074074	28864.898299202967	27245.5009765625	24997.486842830884	15128.776049294227	26833.7668169807	24965.35763022394	30531.345477630795	35086.77998270211	26918.4335061713	36807.4371554785	31761.100653011294	29244.514046715172	25547.74324846292	31611.383675230063	27537.531485465577	26543.510498046875	23778.839124969894	13224.58286040684	16741.7928890145	17968.106520517766	17572.150249587587	15300.034416764936	15813.481630907168	32054.12737614483	30162.077774535042	31463.69080750512	37457.28196513187	23617.255379990078	28547.739480885684	30090.784728343308	28254.889705350637	30460.077006543805	33669.471722345195	29520.236958920807	36337.24814720568	31531.311409801776	29139.97822319225	26736.675230000354	31029.325435320337	30168.035703125	30104.489153884748	30834.03716449804	40139.455529882296	30271.343498857546	33644.755941576084	31075.35945670607	32092.41716749322	31001.38792184785	30856.89323553059	30165.188465385756	30533.232281460092	28742.46732237576	30128.165068444956	29538.46871780563	23181.353073453465	36282.840921813484	30068.726056524887	30840.97426423004	31685.50498234021	30665.37599561182	37589.952312952344	22682.954835355253	29335.54672498205	29339.090909141978	27465.86019112723	30533.84703774708	33071.47895159538	29544.439215958035	35952.77099162106	31037.209410846117	28446.182221305924	25782.707921656383	31033.898046576585	29552.35918690337	30997.827016227584	30866.384679732313	41533.158304959055	29800.693683746762	34570.31637310124	29453.805154482066	32100.482591609176	28878.830706182845	30709.171409692273	29763.60314185713	29551.228732738087	28143.206646210256	29119.33484161774	30423.972928039417	22974.38917799301	35104.755802789135	28934.57191545383	22935.525246103265	18430.55778463392	23824.315208724518	32905.994701635915	24261.432882616824	23749.9267494695	25508.36869335269	23620.175044045045	20353.982854803446	28557.61692601221	23268.2511822668	30314.004542503175	27532.088244984065	25838.050550073593	27365.00608669123	23743.62174894444	23826.151666597038	30389.1976328125	24257.193525963365	29513.359667150227	28473.877158031137	20826.227429284983	24057.450007181986	23236.00152782993	19507.676712677257	25732.306355327066	24434.75113272087	26041.62134022411	25467.240731280785	23968.78486430667	32978.765107996325	23450.789402603416	30608.965462844	24601.684915761205	21569.895264107065	19706.311953155127	23374.634033408664	34131.38212410348	24545.100007971938	23498.189610052752	24825.865368400046	22951.316486806907	20178.77497098091	27176.881908639127	22719.78223126996	29172.350860799972	24880.83064079891	25139.177229861187	25058.993660816654	23291.31152185024	23468.604087729524	29091.64601729315	25468.57475028376	30487.23046875	28251.254799452614	22268.50519121289	23082.17141056899	24768.918112428986	18366.259420899867	25551.354389819564	24680.883274247884	25538.379324189133	26170.87865146286	22567.57043820739	30570.190057877007	22913.560603014288	32291.83974950603	23715.269202004285	17130.6943339479	16809.255277194028
480	600	15140.250145443762	27668.19880756579	24661.342074104283	28851.383653204462	32659.919675076453	23857.793112758045	32725.350553164542	28784.465727912055	26778.73059263393	20583.33676573195	25804.74418754989	28560.244006511763	24302.193058817422	28161.800630457263	28685.465729166666	27367.566224352904	25947.60400390625	24890.815303308824	14623.818572624003	25514.00168026195	23318.376939664253	28317.183883807687	33197.855837387055	24531.69279407248	32410.02825363092	28806.564374073743	28059.275985819768	24642.397112413415	28731.593402511502	26694.127939983162	26036.168701171875	24571.410581496868	13237.075582252359	15988.83554750657	16646.010604495506	15590.590907852964	14968.611202215998	15267.74655813494	29791.707274997483	27612.38286238825	27917.246295288307	33914.33284309111	22777.380851241214	26834.63567536011	27443.087193194748	26407.962476456374	27546.33715293676	30866.08696443842	26905.136816290436	33510.17735172581	28463.451215215136	26387.32567492727	25045.07039056608	27837.54440236824	26865.90133298352	27207.38531034977	28101.899056783535	38222.87908446618	27884.79432818163	30864.086418478262	28392.23926693669	29280.334212038364	28373.344522086772	28008.23862856428	27305.18835272773	27228.240469998855	26633.15730356123	27790.661306920185	26660.90577001124	21663.061877862932	32795.299291031006	28159.67243842813	28900.75476012425	29152.662004743303	27778.100879818012	33655.9213068674	22456.24351550536	27321.41529075029	26496.698309669817	25224.672765531996	27434.727684286667	30347.69449700847	27076.0861941807	33232.080698540114	28678.10379668262	26173.70255694851	25128.485482884156	28347.17443266369	26407.31364067956	27723.18736515642	28283.344468137548	37986.92239374443	27135.24724634284	30822.34230206212	26993.01716294094	29102.921531512875	27133.620849422008	28105.445875596906	27227.668723420527	26694.101603000723	26018.726153033695	26442.36040621198	27591.346161408215	22392.147101017206	31140.244483790888	26786.258947779483	21483.899875283096	17514.533654855448	22070.509690685354	30405.629026977986	23588.09675759508	22575.377964210256	23677.222544378033	22621.08259232905	19090.434792258522	26565.94258666051	22164.546844224293	28129.77209592269	24932.109920585262	24189.446278691128	26003.71095943402	21583.9272739834	22310.34633327763	26798.553947265624	22989.467623711484	27908.102171985814	26559.453368871895	19393.959905591335	22734.212023090226	21877.571196631114	18620.273484686844	24163.807973550014	22608.46831465616	23773.762201392	24012.914398458728	22922.275894166924	29208.57268928079	21725.015792934882	28496.22935619405	23441.347455616953	20575.707492549576	18454.042242636424	22381.702666069887	31263.867373346176	22648.575857686825	22748.89982102952	23103.13378830796	21741.007572349223	19371.134104874345	25327.8605002039	22263.120856847094	27228.265273659745	23413.72142700654	23506.95474912576	23886.749727898798	22089.776095369005	21688.329018450797	27077.495711465748	23949.629402569328	28856.65947604833	26307.004319208623	20541.676771989158	21709.27500369895	22751.663296491217	17836.32730413518	23998.94557455885	23213.074886644077	23616.867674181525	24447.811059074447	21038.636033153496	28018.86239428039	21948.627928381935	28375.604974781614	22801.05935799422	16643.41964858119	16670.265456226432
600	900	14250.260251405552	27817.28980777138	23420.46972132926	25724.087409900483	30283.328485641247	21011.98402983786	28796.62657131109	26726.619784884984	25430.89122767857	18520.218611855238	24505.83119564382	28167.855499046665	23044.519432395515	26202.842932607615	27092.180130208333	26183.10646859217	25177.7060546875	24316.067927389708	13613.651354514013	24979.199678308825	22367.045015661286	25389.299977439274	30202.947206334655	21196.88742993704	28791.31216229006	27316.161020224346	28327.044780840148	22925.02443541084	25393.779399923314	25672.30591039572	25127.660400390625	23466.06607132105	13289.328143425708	15832.681787464631	16647.881806076584	15713.401399285669	14269.875552771226	14839.41477421174	26029.560081395935	24307.3736442868	24631.633296334243	30845.10367288514	21721.09744324652	24402.4320643905	24115.472815273708	23385.564094823316	23933.604698867395	27689.408934862193	23971.991080454645	30136.256570077025	25847.749839500553	23484.90743984837	23263.721921066353	25203.592033209246	23740.590457478233	23503.806310564793	24762.591420994846	34291.90825596817	24489.681327209888	27191.520623641303	25011.73245624506	25728.108724040463	25267.58132958433	24442.366067869232	23664.979219448214	24460.943254734593	23822.027028836957	24487.206990361796	22884.82500214629	20891.96806351579	29781.851988496554	25130.81810735887	25478.298357145937	25848.787732061195	23922.334301700826	30745.698577833868	21249.98968652294	24386.69153799283	23425.315397877417	22665.82395416744	24287.36693585813	27311.38186318565	24030.880412685532	30421.272059153518	25546.809181791676	23139.43708411613	22639.912326473233	24845.879454587233	23399.761241798547	23821.25353990738	24959.351172808616	34353.63295263063	24252.617933877533	27667.21963904977	23947.1436874824	25582.741504662725	24882.698412317728	24460.240123408556	23925.84120131029	23759.526157460314	23506.027866278433	23672.10820556305	23582.483516983946	20855.640936187723	27527.641647196262	24395.313892208076	20526.528250727963	16627.088232078237	20659.082621378755	28190.79863938583	22151.739609302527	20925.487983059684	21515.042192112833	20906.362723563205	18157.89045493052	24672.87024321176	20762.148698893674	25808.77229965593	23439.325400585363	22079.08485045983	24895.831800942764	20469.04262048329	20939.885633100304	24689.81059375	21362.803558013453	26021.32790273916	24024.40337284909	18428.316011050938	21078.476898164066	20297.12221432835	18164.676995114452	22124.207874817028	20736.83202493662	22022.444935642547	22011.11402985946	20846.567351205413	25923.28460334329	20821.547416907513	26408.03317204078	21802.717938664715	19192.053640959224	17727.32696954541	20619.30025473828	29042.142825919906	21767.53982100653	20647.359068903792	20956.268087816305	20123.55584873541	18864.544457731376	23491.63799625127	20471.740808685074	25406.542134357744	21630.234704473383	21484.72216796875	23488.734196342804	20371.35040796583	20202.39291939531	24238.670270796265	22117.64111570543	26407.980010818956	23774.140083587492	19571.604622101455	20095.37803839403	21037.0081747481	17723.636516390634	22153.945495672615	21350.768864702484	21476.175730333092	22580.15970078335	19798.037544060564	25269.849636252868	21039.71935708765	25854.411501663893	21122.386524311154	16216.774038829275	16422.36787967431
900	1200	13204.995448166845	26880.78572162829	21846.052924229032	22538.13117972544	27204.184414779244	17504.34403776211	25257.534475002292	24787.38380601671	23679.734126116073	17377.22561076536	23152.04331115034	27621.00245766546	21776.63818658934	23852.697783825442	23660.76013888889	24862.49868627683	21669.1806640625	23039.736873851103	13100.721427889977	23537.43191348805	21036.20211120098	22289.54103688233	27689.149067493152	18297.415055378533	24837.758439521956	24583.57958066103	28058.07136066785	21615.14733433687	23238.840202022624	24069.477135625122	24911.455810546875	23034.63147748826	12928.260797464623	16055.881723834125	16257.469636979757	15075.101250758684	13641.992203468946	14987.015389223083	22560.55897863514	22682.605794270832	21020.23565840591	28001.216817536915	19350.36262749707	21535.348318534638	20864.92880061854	20314.198843751004	21331.43048282013	24595.238039412394	20923.22036546523	27024.048547072496	22243.676448793805	20280.217779980867	21017.161991355286	21459.57910033797	20674.805055970148	20494.084146717316	21715.321297909406	30534.645794305372	21564.13765201915	23076.485101902173	21876.1769059948	22207.76610903104	22402.887412779648	20879.319115751656	20499.46356986828	21398.634956530732	20821.23902826912	21107.033896227636	18602.006849595717	18340.70922731127	26271.113754921258	22463.76597665687	22225.03426282789	21956.210440712108	20591.170200125303	27140.72610053511	19403.868273732613	21473.933614685426	20635.687968935385	19843.91956336612	21532.201837985842	24280.119716091027	20892.142227503162	26927.72590493882	21848.671977578517	20152.395786684072	20104.86323608446	21636.953144396964	19950.85605965941	20097.169821005682	21484.082605984106	30500.685438948305	21434.763791415502	23382.480699465377	20978.20487099962	22102.848038388292	22277.454021368958	20909.214562403828	20452.686769778018	20925.17749762028	20484.971576695974	20486.484549899007	19977.82919842362	18968.993745349704	24181.246006133177	21946.363461889217	19222.701490358082	16473.434822731724	18957.117029741148	25925.015823176127	20854.23927864825	19473.588130558164	19595.760604125855	18998.967870863078	17575.45420317634	22631.663458487306	19290.62134741644	23540.03189512627	21013.69151159999	20060.586545352664	23079.34294940818	18810.02216193779	19346.709791504196	22160.2128203125	20028.059310109034	23712.950055218913	21932.54986931691	17281.83773922351	19648.911055728742	18794.63594188357	17178.951452602527	20171.785730335978	19173.38206271633	20092.22118255846	20506.109051380987	19109.22790833462	21635.60714901195	19053.798396292448	24438.703808852784	20107.893581580454	18030.10347628398	16564.914150251276	18766.294294073075	25803.88577559805	21589.69034293405	18999.696631738232	19146.807059017046	18469.866919382297	17467.310057919516	21724.640905151955	18946.575758913103	23236.452660250376	19695.424613835738	19637.307635739	21644.16948999907	18738.378348922884	18259.436044406695	21802.589626195506	20128.228466886187	24085.166970466275	21578.518940191414	17946.25642156079	18721.159816093037	19110.451064684017	16851.39454458191	20077.383673572436	19261.421767213942	19707.54690809142	20685.026922556375	18166.143800560065	22664.190599913993	19711.483391909675	23756.971044353162	19854.712382889706	15973.712083510187	15821.875746333195
1200	1500	12813.891371982385	26398.74421772204	20610.08992552767	20235.239006767813	25441.06320694763	15803.465458387516	22171.70561270029	23001.524365743	22172.26235825893	16799.97820368522	22083.946774013595	27071.28582560432	20101.179272610716	21804.605189903108	20819.07841290509	23080.77398181029	21689.83349609375	21550.68345243566	12352.575264752642	23837.016400505516	20127.135382624634	19760.962527266533	25207.19298900975	16309.46591508945	22016.221794049994	23189.49856430141	27514.370501522306	20262.957429917864	20700.117648820935	22975.91040258322	21962.1328125	22131.626194830806	11353.346790241745	15447.390474213065	15878.325329133635	14426.944915649901	13104.680121118317	14325.121791522226	20001.990907039428	19655.13499074573	18585.675298838796	24582.18764951192	18218.768356426503	19383.854534742677	18572.569496562654	18264.83144885283	19196.721701945335	22136.895055010173	19112.625373175815	24703.443671128058	19873.225627163483	18014.160219177684	19285.129329721673	19363.92966270327	17998.144841806592	18256.856581852066	19346.466257213633	27665.136212077254	19743.916768641993	20405.293496942933	19506.415913681067	19825.516803971	20194.146490738352	18576.059053513654	18212.334073633105	18895.86866205978	18633.386660914475	19301.099115578596	16399.405579771792	17350.760241174463	22514.94382535679	20088.55917743934	19403.904438438363	20254.3916704663	18343.228416145226	24377.728068998786	17458.67121847483	19264.762692189535	18047.632824718443	17752.69224717882	18838.72829278792	21936.66479215521	18607.70567441979	24168.977234009908	19651.87360091171	17813.357317699232	18684.370513239955	19411.674124053032	17959.946619056587	17262.51361972846	18833.828195394657	27845.726801853554	19261.29577700659	20970.346775818907	18858.25513393619	19362.235305582977	19868.305821451697	18347.983172632346	18028.10613737496	18872.413402800863	18333.75881106069	18702.49321995167	17717.24973110196	17481.928214056385	21721.28676255841	19578.172957958413	17900.175319434664	15665.849665919406	17512.151271626877	23096.291541165967	19586.802459886654	18275.329979591297	18056.62481311562	17626.465145796425	16164.020571989664	20818.31099744939	18279.491921976252	21850.764040195474	19346.58922505823	18425.68163521385	21901.103256903236	17744.437642421264	18067.12451171875	20067.8647109375	18647.620743420197	22229.943387393716	20601.47785683497	16722.937726873537	18132.36646100903	17370.623623381176	16456.538517799698	18600.39729742213	17933.458484109502	18595.667832144034	18999.889805802057	17759.96347246082	20225.380069508272	17918.282730367144	21751.94745731101	18815.923130939667	16882.914813809046	16323.40988019126	17719.3166640796	23924.154567639656	18936.587615124175	18218.600280158	17683.59139178171	17562.785807696986	16784.98130291399	19999.265139800213	18130.62745458714	21613.938476399086	18278.39053860852	18238.93827858322	20893.151788895946	17509.383594424587	17296.00943090116	20001.479194005784	18943.1743303134	22527.36769660982	20132.77464664512	17062.417383788597	17663.636799514825	17372.438420693987	15963.12554994134	18788.814833743418	17998.003692514103	18432.736842321767	19095.757022470272	17238.2273211529	20995.91156957784	18266.311083462148	21746.52499577527	18542.659781696173	15736.639189157448	15574.508598371342
1500	1800	12082.201017880467	26932.703818873357	19762.897636284193	18291.36586839617	23328.17720792718	14167.931975881827	20286.21272944652	21945.62074195014	20722.094046875	14685.089481836192	20845.986026776372	26166.003694375322	18971.36238806477	21124.676099590226	19003.850930266202	21722.38799715909	19694.64404296875	21560.162598805146	12141.91311894137	23735.303524241728	19308.62753142499	17971.28492225492	22834.308106532255	14422.042258162815	20159.023766247363	21801.170196558156	26562.235857942895	18688.909967093765	18652.6838453796	21664.417418694786	20027.674560546875	21775.97978101668	9820.474130306604	15310.186286599384	15420.722281329628	14528.691104235402	12888.127397184551	13824.080346560206	18034.171683933422	17744.617299748563	16802.13405979622	22389.497264017962	16587.326199326522	17924.61034357684	16737.10318768865	16576.952000756275	17576.502750034975	20126.584169612317	17174.393229767178	22573.550600369927	18066.216837043907	16371.524765803202	17694.309515813537	17475.813911270572	16263.777516713308	16049.670507454128	17316.16357523955	25690.096084424735	17881.46730121172	18474.067391304347	17711.957485058287	17794.432201775773	18208.02085058509	16649.004206044963	16319.622955412715	17191.572293187626	16649.716472345764	17224.226395904334	14515.254275021853	15894.084318842495	20831.943580831692	18526.316281490916	18113.090177659775	17861.483346546986	16491.181554658844	22327.014572947144	16888.552828591597	17750.239117394773	16365.058231620655	16094.538388885014	16943.806813453757	20280.487395452667	16888.761987689333	22604.118209850712	17816.66587509619	15996.948502729323	17724.734485067285	17680.894125157167	16213.934889966771	15673.839670191563	16864.519118778382	25987.44877833946	17622.99493303953	18542.000503198193	17023.77202302098	17627.197178630326	18166.119500371737	16579.004011639223	16314.190885291411	17156.313064818685	16609.459977507566	16878.39292523703	15092.583212738828	16064.712159636436	20044.25093457944	17929.513088743544	16601.05485759554	15524.981851120141	16583.332313070012	21758.130412258415	18309.747544099315	17369.53088305186	17182.273933810597	16734.476069266057	16374.045036591679	19372.038788359576	17411.366907454383	20581.16776901835	18168.171216722174	17290.59389384644	20813.12745112701	17152.13844252863	16410.321412946098	18350.29488378906	17274.767815360785	20744.590260882596	18999.11652494776	15636.084859393297	17113.755083706183	16526.660018101054	16089.870927228314	17471.059771773533	16763.90350423857	17413.279060707107	17650.875251438305	16918.03059964195	17385.99400778378	16938.199086095556	20243.70573089357	18107.3244421163	16133.281722440397	15457.450825012655	16924.99660085873	21737.50275845844	18402.13886179472	17090.951880821052	16505.652575582204	16367.012108767023	15785.405782080657	18959.248978312353	17646.231078601395	20330.692648360367	17307.644759368675	16725.055437676237	20238.399507990674	16684.955480297325	16846.063524095563	18899.76669331072	17688.549919261986	21246.783320657658	18298.279598307767	15945.438399636705	16907.896670985654	16414.983356446388	15764.66417010757	17619.736685952357	16886.92146191192	17071.250297365703	17684.790179654832	16171.831490884577	18550.346493782254	17147.057049266794	20340.489654287125	17466.806885349753	15502.510552056252	15317.028976799784
1800	2100	11541.453625462063	24731.440750925165	18587.658678422515	16648.276943151337	21315.71586487003	12892.92101184066	18439.29525121636	20283.188464694555	19016.505111049108	14261.746390729404	19813.60631654656	24474.737039894648	17220.991639806205	19585.278046252683	17921.861493055556	20963.815194819286	17370.0986328125	19961.132087545957	11483.45767997406	20517.553172392003	18194.532847293103	16184.54560145165	21575.379202834665	13577.39325871948	17975.041396713816	20072.635119359413	25464.858899674968	17455.62379903168	18147.156798792177	20037.70743077884	21476.802978515625	20704.31172288957	9244.739727668042	14603.627984949728	14050.855708743276	13387.342678601999	12661.589055743907	13545.402285204043	16534.81628948709	16336.718400158645	15054.048176727572	20396.810791948283	15779.995502017178	16444.13470242268	15143.166053699408	15443.298527573412	16081.72008984216	18734.28177994305	15332.08101460327	20753.61502200312	16446.35392858955	14685.930460661286	16243.805344801684	16127.979444583905	14847.504922846703	14673.014291499427	15648.318202852788	23316.945603655506	16174.906491293728	16836.76916745924	15913.719365985577	16307.841940889326	16554.963294909998	14869.00665621662	14725.675266362754	15681.4486781892	15256.114337716841	15662.006166226722	13236.111161787432	14528.654582135858	18578.091090212845	16745.056560829144	16515.821250862864	16271.38081088714	14966.32703780492	20274.467048309016	14772.934228091899	16084.070763884005	14878.688664859928	15055.970430501302	15753.84635403331	18694.390373814844	15658.186304908655	20286.066936150004	16298.47407863451	14726.806870924447	16064.066199968725	16067.163224327373	14808.956674856387	14762.39620072942	15726.279713641252	23442.984755789745	16331.207089852645	17384.684068771745	15729.729806742087	16069.324229033338	16470.219423775663	15219.26584690399	15102.878772734295	15609.426634849386	15159.31245253962	15190.953396697807	13627.368123583225	14485.399544016023	17245.213985835282	16495.8562922953	16118.95179575689	14904.249646363163	15603.349751039432	20353.55404546141	17341.607998934658	16607.171349822554	16007.375603224844	16010.985129437613	15484.617819377652	18429.791878012533	16150.178593030569	18872.45214756759	16711.89027367374	16029.599125377577	19214.745082790963	15656.28834161623	15955.511217993353	17064.334529296873	16294.833680562017	19062.178635381406	17388.73741177615	15602.723612229216	16185.923047552818	15534.028379202917	15678.932862353926	16422.89567838235	15739.20155179519	16425.92151418524	16608.88371316661	15998.315011677732	15837.206930721508	15396.570168555816	19045.64765780421	17071.466361363917	15797.891407642603	14839.957775817706	16172.450421077832	20310.65275059304	16995.461061768456	15853.971465752697	15308.010289746868	15453.09627295112	15396.698328759321	17589.332152210463	16601.065532074746	18585.364250622282	16301.847240385137	15746.679657498747	19119.09089342154	15906.86838350137	15784.703541981657	17969.856072064056	16630.496704643814	19791.00828411839	17263.178094131235	15587.279368223093	15903.749199270642	15476.592169531154	15631.741964666626	16545.689557871803	16304.05324729219	16228.36039662899	16580.625075692344	15192.07219105709	16813.163865395643	15951.590179280163	17691.77887440204	16797.69028258852	15091.276795186603	15128.865807853796
2100	2400	11192.049831388491	24295.02535207648	17934.95717135512	15160.579153439834	20183.66051545776	12044.20421064796	16928.11366557113	19091.042538113063	17836.90832700893	13979.497503526829	19128.60046845372	24613.68756847046	16255.039170341257	17864.104303098193	16871.961945891202	19707.839187184345	17197.5830078125	19402.55219898897	11021.186495186188	20916.454920151653	17256.42834292509	14903.657085789233	19472.57093730857	12073.18873318009	16857.860374148197	18901.300655885883	24887.08293145983	16395.661655598626	15394.165964100843	19608.646303056972	17936.648681640625	19796.576486106092	11014.63776901533	14709.345532601556	12601.382034457283	13271.112867378144	12570.080021005306	13736.82685929216	15290.509408652879	15692.627698954342	14025.977963484745	19294.4487785364	14556.367666376562	15065.854254403883	14130.344500838517	14128.854265204513	14909.643305081781	17251.52297407474	14440.578620809107	19308.438608384986	15616.168065912947	13570.529147978628	15047.875948392428	14672.920548068916	14005.911824665734	13669.983386611239	14751.8663570249	21082.591163793102	15298.182669047184	15277.164191576087	14786.750904906756	14940.730801128659	15365.149763198442	13863.200490964906	13707.818433048003	14303.289217184052	13917.27670306246	14572.0316372018	11847.501998001999	13748.490918450494	16839.415479669045	15637.938116995434	14852.296470083842	15450.117012263176	13971.72392188998	18586.18767624442	14587.114016289002	15222.946972297688	13765.450157498528	14043.516465444414	14549.166148847167	17406.7648181572	14382.130643973358	19106.523832006384	15378.735298394515	13361.781959228088	15233.961878195747	14583.76651303277	13790.79930859639	13341.258612738715	14543.219217741695	21555.37169343945	15029.172874414196	15786.402640762899	14472.64583586657	14652.544813131657	15690.305390505084	13977.404104793242	13683.18934203632	14522.634497581645	13951.45648279513	14389.931617174278	13213.90520079166	14026.113944713694	15901.603551219334	15126.64478277111	15200.85137694123	15096.894277581174	15216.743076716739	19041.573281562396	17253.940195058847	15512.093815161705	15135.303711907489	15138.710871011794	15336.753075155737	17284.602534945374	15982.0266244511	18087.23344663059	16566.717780460833	15108.42210572548	19109.139461998308	15057.153633469394	15245.855406663139	16193.302474609374	16119.900833406986	17774.282069153975	16830.515130000516	14259.771523940646	15433.843590929124	14755.54116727889	15270.496090672597	15652.03592489105	15098.835658482143	15468.87520379082	15516.854133406929	14995.384951407119	15329.462808048023	15736.126999695178	17327.78440116255	16181.836683537642	14415.662874261921	14733.328431564549	15352.028641119612	19098.250145127073	16597.92125014068	15434.832197520573	14718.327796586766	14651.590259150049	14856.179683184893	16910.098665925165	15757.490859407952	17835.26305155518	15588.443333401092	14674.822843620139	18252.755384892476	14764.279600240312	14938.062677893198	16885.079844584074	15882.145967386334	18583.888027677007	16133.658005251957	14771.169968355842	15033.510894868945	14564.542397503406	15690.778552192529	15765.28949583714	15317.846075999882	15006.704841823019	15695.673771975573	14799.167628407955	16711.090802393923	14940.560411096256	16720.222029040142	15974.421603862445	14775.678981716672	14666.268588266548
2400	2700	10696.081520946484	23710.560925935442	17106.413801897852	14185.280748614294	18528.512074374044	11356.800281412548	15386.821230321899	17987.9673055013	17176.775074776786	12465.073356777624	18070.426614010412	24057.161260664427	15772.91329912369	16538.728619743797	14547.742267071759	18389.768757496844	15681.212890625	17873.312057674633	10515.943136004811	20774.7647561466	16919.78148373415	13938.616624211629	18875.148545179774	11558.570901676712	15441.941600200189	17538.470911133612	24509.23170641489	14989.173306828292	14472.225542800998	18324.62055141653	16799.085083007812	17778.914506563102	10513.672722582547	14364.000941036782	13941.124125185801	12567.423864600192	12565.574552869497	14109.329890937244	14210.597300850442	14244.457252005508	13195.385127344462	17573.763531833127	14084.27827710177	14379.897465613316	13163.639685911365	13073.947869573834	13599.864970460674	16078.32321235201	13751.899686545185	17708.626050465384	14125.206225493443	12764.793801114822	14130.011850394454	14138.554442287912	12842.520969080379	12525.362881128154	13518.76304215665	19728.307681946288	14171.603241348306	14559.701592391304	13835.063894834475	13868.543824212344	14448.65380010928	12922.868452420405	12853.891534502032	13861.719794940575	13089.010951218641	13560.269768972128	11304.025648179944	13354.369661251872	15610.738972533218	14910.091090785758	13906.519269245427	14672.157028357742	13364.797524956235	17364.784311720436	14968.503077243651	14375.6054133463	13129.68489445232	12960.242486814468	13630.716255184863	16312.301148309536	13381.668245194616	17814.21924442172	13929.979143401759	12644.797545315776	14809.998664010882	13792.45139183159	12695.085943769887	12435.262386383747	13633.108915754212	20149.689091048353	14216.730138929415	14898.896189351028	13663.177839170976	13715.8437501182	14593.706128885266	12993.42157053582	12762.14691928802	13813.8107113128	12887.93588963251	13617.07888069181	11323.70228144083	13535.898415204052	15082.93629161799	13964.339435411834	14079.860127940392	14716.872189649312	14818.75043739941	17538.747451044965	15915.75202559717	15343.378672646008	14241.445263138381	13942.13915710322	14545.52166808213	16393.157416653277	15160.843052950204	16922.643225861004	14960.59185529636	14389.585741947005	18476.914943848904	14566.726515215008	14808.770169236019	15177.118028320312	15065.805466075282	17037.387833832003	15657.924956922683	14028.102150953235	15004.48473482034	14338.33455191478	14339.327843075707	15079.137927590464	14513.030498596083	14863.576683004934	14878.253430573837	14756.374291132644	13941.17825496898	14077.656777795339	16294.300457456067	15422.509504821384	13958.824107341801	13771.055125879773	15344.667311185858	17816.78546286139	16837.900466827356	14814.41435466115	13976.221067850438	14224.303885882782	14110.737988631852	15876.657724505963	15239.150203621166	16837.989739557186	14889.993940738834	14211.996603336487	17864.273879543412	14551.161155430973	14877.305033893635	16077.384822620106	15985.619677262297	17345.132396821202	15380.833947958394	14426.822924258538	14487.649726477344	14022.793898416445	14349.138356670526	15351.440663583657	14523.351823487936	14719.08808149484	14523.355494418309	13934.33489002241	14984.645928899083	14527.19331890249	15741.386375896942	14911.065909079827	14276.386449324862	14169.541595887167
2700	3000	10427.415872439931	23155.971467670643	16546.16652026841	13223.447754385557	17643.26043566036	10470.05448279015	14617.443277353063	15980.603797488742	16767.719362723215	12584.503266773449	17386.54749852585	23143.592858874094	14413.096233843782	15277.28282255285	13910.668969907407	17865.440067372947	18441.1259765625	17092.058337545957	10072.867877192864	21134.092234892003	16079.399374960496	12957.62942695176	17331.16011783092	10299.336746223318	14783.362570696816	16596.70668589981	23754.91773415346	15368.404686606349	13032.653497651458	17662.23213664706	17017.053955078125	17734.879576107898	9134.675974719928	13890.738336512228	12918.09489356243	12322.084117144703	12139.734483711674	13616.26325169823	13958.946939317884	14082.53901448256	12413.747219998719	16995.09835272875	13762.060382165864	13603.401517496588	12571.02997905147	12321.15960777055	13175.976724266764	15143.488327808303	13045.143519171457	16593.364569249057	13215.823306404896	12153.31115314566	12910.876766429228	13408.637910676674	11836.916194515703	12213.512163489106	12377.39753522884	18762.59199166943	13210.53203800048	13645.407792798913	13192.285055643824	13355.75818134422	13547.552841703546	11902.271285322193	12090.589765267878	12985.626735266436	12269.59148099342	12822.66800559693	10678.111237883211	12693.74613314972	14758.580970103347	13442.013792332049	13287.786477058646	13014.662908148683	12293.28861500383	16747.40508606502	13135.716459140904	13666.786654347536	12173.559633722001	12210.543312290736	12638.690242456345	15312.44267226596	13212.358401877422	16895.875337346926	13238.277935737002	11580.812012913426	13318.096988634983	13150.513488598564	12166.047485709056	12155.159989407404	12653.288949439084	19315.633471375055	13364.188698185031	13450.105845319926	12884.811028956488	12923.01041761226	13392.491818010121	12150.96749555903	11837.71964791333	12642.806591642664	12149.96091446618	12665.03727621605	11093.404498187107	12580.943882055712	13495.099487989193	13125.766382632446	14518.727812047999	14607.259369814159	13762.592923735918	17601.647804898366	15495.162763436341	14721.988922366374	13918.486578435828	13788.734958807163	13524.471768733314	15782.312327582744	14675.306680859909	16106.698747258039	14233.30483387264	13740.361111528639	16917.7471690156	14048.786061177152	14317.158504565416	15078.259856445313	14407.522694103063	16453.925707897626	14986.497122714725	13612.459449099824	14398.863873619559	14017.776783184085	13983.527397433583	14204.051404865837	14057.289665679173	14328.142737093507	14007.445875482974	14112.548711227031	12746.077981387867	13703.217280922598	16474.101657047828	14826.186145291605	13566.755073250892	14005.035654888161	14090.054724826097	17540.589272290403	15546.813122514632	14386.38182611962	13539.250173826993	13576.849347033074	13451.132576247928	15447.124274863956	14780.464893178327	16197.67112754403	14332.223682784042	13201.125927140147	17474.6330095555	14223.09984329763	14488.697294087911	15188.855002363212	14423.932170117341	16790.088512804217	14681.620748361252	14064.241897691947	13876.899206295984	13399.593118099581	14087.350610220625	14757.047488632094	13923.98874865956	13813.251185532066	14022.427786586675	13318.888528785228	15071.674927877724	13948.179414636948	14384.349264897046	14475.220584978511	14005.58963959483	14013.39102128682
3000	3300	10630.932025813001	22045.358507658308	15341.236107401472	12247.521018131674	16352.25231914182	10335.09165045412	13418.90154305113	15394.258388943143	15259.3540234375	12320.707709878177	16455.98601573641	22379.537898401144	15027.794718674111	14315.960882448682	14252.127463831019	17580.144836154515	16442.65869140625	16239.185754825368	10250.846603118522	19060.673713235294	15145.140269094947	12051.83817246449	15473.741560298547	9675.567109279023	13621.820860292768	16496.157793495757	23053.176837330047	14280.414679616008	12987.329947517255	17397.687129356207	18036.92724609375	16785.78427753191	10172.84401717276	13346.874743425375	12258.90413651083	12255.489153736617	11487.132181112422	12555.028967902477	13084.190321573697	12130.032321038374	11824.492510975211	15927.769109546034	12924.937843906575	12621.81637157541	12252.97709458083	11664.26301410977	12496.444068446022	14462.298351877536	12509.187241736601	15670.807916913536	12561.777301202672	11196.420617699274	12724.696839207438	12638.09601920675	11427.404652712998	11394.702458070527	12106.195618512267	17754.418671253316	13096.893763818991	12638.494239130434	12454.584492345286	12524.569892468482	12889.172056143436	11314.26899872145	11141.292438745206	12173.726778813756	11781.588638128387	12378.325293444193	9883.869402570086	11419.265753866333	13892.779552934302	13049.253284397426	13225.525836886649	12093.112516928217	11750.781860636489	15389.796676048323	13093.944494709913	12735.946926378545	11711.127755855583	11357.939137050083	12112.847302191085	14073.053966912006	12524.220634889462	15537.231099854083	12365.524690047554	11029.043739555116	13208.520810687305	12560.676794368315	11372.613406097762	11463.780242360268	11838.116483926864	17530.854625790304	12463.600897076407	12760.252771236423	12223.972093104958	11955.031574811637	12780.69565725729	11370.975969812042	11199.283382493622	12271.740481802757	11561.015108256806	11677.836170251012	10537.1738870368	11372.396007560237	12303.851119852512	12203.030481114141	13579.787618472137	14239.521207900973	13860.094089659335	16027.642090006457	15029.536649176716	14070.28078797043	13632.243791644823	13525.028226414868	14005.959235200746	15462.549673140264	14322.913994820088	15404.821185369065	13833.098723796584	12800.99392680937	16960.721247986057	13920.804752623042	14017.35197926531	14496.1099140625	14240.166689828167	15388.116453504039	14728.102885589013	13227.425762038934	14020.580409606784	13324.272076378656	13837.115336271227	13762.096961124034	13332.685300401778	13627.783600935181	13505.449912427819	13674.993590637547	12763.21223000919	12431.11841173117	14744.659499595906	14375.663333197901	13043.339009232954	13070.841562997131	13643.125483101638	16009.167957265125	15495.651627447854	14109.399072495236	13043.551949559802	13223.020257098127	13637.440174826534	14398.277368610614	14603.904366074657	15493.684577012476	13610.103054729285	12933.117015681235	16771.216153418598	13897.77761160034	13524.461679243479	14353.726397075177	14205.407488884488	15986.467819855461	13834.46130465336	12804.2295197274	13532.843895429909	12889.66744625377	13511.632234942559	13877.613963370388	13183.131254376322	13397.038128535845	13472.079600271501	12667.980687037478	13010.626735862243	13231.95385350518	13786.745404794094	13618.674356990534	13683.392468586411	13536.725395503083
3300	3600	9988.725449447846	20217.749646638567	14602.820082899836	11583.561843787937	15312.57272290711	9972.056227776537	13271.056777268534	15302.19510820177	14782.085224888393	11241.039458790845	15798.005358842822	21818.600549480514	13756.131687406138	14151.91573378619	11634.815266203705	16294.659259785354	16603.829833984375	16097.367328814338	9632.03353122747	17483.440436868106	14874.610735047452	11225.750410843104	14390.96661607933	9875.204695418075	13123.512814156284	15613.67818392912	21892.407968825166	13939.316005596243	12645.471501150307	15841.612507740812	13973.028686523438	14913.867974018545	9625.827332694575	13733.112177584377	12945.715090379035	11343.971087816702	12190.384140993514	12465.218302342475	12543.869915899255	12435.034659861909	11196.106627283982	14502.812089344421	11895.742701199326	12217.00511271553	11596.203614842661	11190.843455369888	11844.772764995421	13525.540288576833	11905.349784445929	14769.394953145256	12141.96026246857	10753.241765313704	12096.504527832767	11833.710305948765	10642.853793046486	10855.364006952408	11678.365212030887	16525.669828104277	12238.9686982942	11999.222853430707	12013.941264310568	11620.008106503583	11693.298176093478	10923.651633271664	10599.63553766643	11330.325775916348	10948.246138337314	11505.604433089778	9462.269726367382	11234.707679366797	13259.290728038877	12213.189602308557	11996.12032391495	11479.648612736824	10741.270633505439	14212.192324465372	12095.275328810936	11973.450722254891	11003.072517015937	10907.510199749659	11340.423393252637	13572.93751213612	11690.243621822263	14780.725159440013	11927.398163299737	10336.901627080784	12501.56730880174	11305.744741309165	10817.6132644203	10675.34364952573	11155.661696903382	16829.29747425426	11736.108357460127	11670.11747887761	11707.106894595248	11545.837514514873	12427.183883046335	10790.624169947883	10684.624377489567	11567.033307379865	10643.916774134013	11449.2901813681	9575.249975965431	10853.931407791606	12378.703861072576	11979.599238450783	13302.935651846548	14192.146787715432	13397.641186795869	15014.576792436375	14507.703697530149	13896.277132729645	13195.725591380211	12907.422010690218	13254.17471697871	14397.662242830174	13789.698978406377	14408.34264869221	13131.829224470825	12547.177488468235	16843.758858852572	12723.652749070156	13083.056109405174	12938.038358398437	14011.830446480073	14894.040739530445	13758.022091837722	13011.939827969481	13521.763783823111	12558.586545001133	13782.558811390767	13307.445017028767	12859.922748928178	12861.292224612098	12643.536835181194	13037.2025006997	12600.50129250919	11911.66774436642	13539.366216118204	14040.523018917936	12272.945930467358	13325.829156924894	13573.464255987303	14958.79204265135	14146.96638303759	13366.536166383321	12209.966472092987	12703.459745257782	13032.418490338478	13923.181175898659	13784.545231567	14986.148548294741	13125.191822679513	12279.390565649697	16599.28613765416	12483.336711389076	13223.235216790614	14129.121015903025	13901.579719856447	15577.882841957553	12990.104583442393	12744.244706994064	12948.031224752676	12608.7178547878	14012.126698866407	13683.05726139369	12907.972770432221	12910.89552157012	12689.488552371518	12644.453771234219	12934.5223903831	12920.581450273647	13406.51045295601	13288.464907445485	13586.1267891349	13037.628511976573
3600	3900	9559.875219133655	21086.488949424343	14452.269987535612	10971.058984375	14533.354568401184	9135.141913516438	12386.756684250642	14175.55706999037	14867.738470982144	11583.645459430003	15168.273004398387	21621.81482567299	12088.995749506726	14047.148279526655	11958.958618344908	16105.424623579545	16651.40966796875	15432.797752182905	9770.260862849647	17177.11693617877	13977.084935625444	10657.891848031357	13959.56590733371	9745.60894634425	12241.963755513778	14200.601592842906	21374.40393360641	12786.99949732103	12348.824259490031	15475.224783447933	12833.06298828125	15307.413107105762	8092.836619251179	12446.409802571747	11266.23637734021	11645.090898369413	11698.24389740566	11712.552979710441	12207.032184889544	11797.058253574492	10934.385830327157	13993.345212117525	12025.16645713699	11958.506194483882	10992.489792015249	10697.866537706795	11721.757875497622	12975.735576635798	11137.574462215049	14056.58962077535	11053.74363454963	10156.539071270894	11588.651849208734	11284.785842905074	10634.879086112407	10098.110317696388	11370.237757467698	15405.948820872016	11772.091235087391	11506.222640285327	11444.62402652463	11853.828077077354	11665.672122322301	10305.95270508593	9990.632362268663	11120.503518056039	10499.244499226	11459.496568243367	9121.605445335914	11325.715258049242	12040.181978192668	11714.883290858808	11848.911176854435	10917.204551563862	10627.080875754158	13180.419001103182	11422.230397090552	11471.92064345325	10611.33877832291	10400.735284956674	11105.082079858088	13244.457709570815	11189.12421182012	14212.436899825701	11239.11904875523	10115.780189844296	12094.742947533581	10942.17976832068	10455.762350798674	10691.481831802648	10658.622944550669	17118.462550742952	11387.696481439307	11249.22298425699	11115.489676563087	10842.405531880238	11553.23841765397	10651.870068581886	9924.533058146066	11361.414331233247	10204.871169672324	11031.900696827395	8415.767411328703	9908.214879582772	12127.434211631133	11034.055432929068	12636.183955351706	12572.820070389975	12899.593476143375	14749.712446111713	15281.645734288033	13699.565650345457	12042.479710650383	12341.088457945802	13774.65327672551	14138.43359907214	13415.392713951122	13716.0043027556	12712.175992269225	12390.3022861513	15364.302634674897	12246.37023384269	13152.612967624313	12949.595836914063	13014.601412483255	13844.011326173135	13278.37147124757	12453.161045905299	12989.912163311998	12677.187212300392	13394.384984462535	13109.56868384385	12184.140240945384	12679.027719392097	12256.347425311546	12680.498606513473	11769.152494542739	11820.150449896135	12761.175997544347	13248.590715062377	12157.536844780527	13011.327777572731	12928.89346153669	14463.359344373663	14056.04274541848	12464.16654199013	11968.761257537848	12206.263342123662	12495.623755091825	13683.936636772649	13296.048609757716	14273.166671242261	13262.241094196073	12144.62402952471	16351.566880732524	12741.139706273332	13380.414922506876	13510.195011190503	13409.752372891217	15572.03424574383	12310.502252850738	12331.029740302238	12945.62752094031	12103.36391614124	12817.532398448928	13306.880216237305	12432.19576757629	12789.377512159725	12549.47647718204	12058.657367510963	11712.027947382096	11608.267549402573	13998.194841280158	12506.253075872191	13081.207411581578	13027.03982835904
3900	4200	9022.212407829149	19512.298583984375	13847.124136283397	10576.738362176397	13275.059754336296	8817.382643855657	11911.00717226326	14027.811719682482	12400.931691964286	10072.80706301693	14832.275366738717	20794.74741478558	12638.197602878563	13116.585808847465	11834.427447193288	14786.37566149779	16602.7587890625	13457.883917738971	9172.9442105668	16861.935640222888	13632.948920418898	10269.953873277498	12897.37151775573	8850.57392158227	11382.724068573043	14097.502974004114	20770.990683589793	12954.309697657838	10945.824291842408	14860.729696289443	10191.91064453125	14742.259740693491	8021.813752948113	11548.408906534205	11662.474725500779	11516.860508648997	10135.686942622347	12521.875555589188	11297.202766062173	10621.63475190573	10462.33904738018	13345.98201896764	11369.35564464309	11259.44795181409	10435.826751799066	10660.245089128486	10836.448144610742	12420.38401828538	11246.966726228959	13538.638706373562	10612.311375887239	9801.109551026973	11615.960449771104	10491.799572486041	9768.851775886194	9829.704257633313	10312.190564999819	14834.769254600464	11335.27271120793	10641.253611413043	10711.314405068657	10719.321620455603	10639.088838340302	9687.253285977316	9745.707298679221	10419.849476887397	9948.013433338056	10656.647366561816	9066.953857665772	10444.331128325406	11746.407010488436	11309.33677799322	11187.98525875985	10602.418077847684	9978.869846670896	12794.003838579361	11519.569192867853	11357.915477723318	10118.826204562843	10072.874951995365	10653.186526237965	12252.266499963172	10951.50130673244	13438.432646904354	10289.797432700227	9664.618500995335	11219.566637296413	10444.122582529106	10335.954198580761	10012.627620495381	10263.643704439532	15022.513402493454	11059.07246800985	10540.80482904521	10768.926167068517	10427.09715662162	11254.605162590537	10091.848349212323	9672.380787539556	10685.377625161029	9638.245016267232	10701.734182022241	8305.967936619576	10754.388765040208	11323.22521447868	10782.708400366657	12331.876702739608	12591.665457678542	12820.722046757644	14059.149276738483	14278.685256533367	13094.0165675432	12232.659281751807	12561.297695179524	12475.3940844165	13219.498840024502	12999.237927862274	13682.451256343395	12492.895793534448	11643.254517634941	16591.069196855857	12827.041155356399	12326.483559747288	12766.228715332032	12686.183011853649	13573.88540029618	12600.452760938897	12636.843210946648	12465.321647440674	12290.398144431623	13354.9409707975	12396.070058761572	11892.831592777404	12008.117150796263	11604.552100737199	12166.649776820183	11632.63640280331	11233.423024436643	12698.644199685014	13029.8603606558	12063.619387115641	11995.37304536854	12244.398303570018	13368.609184281451	13750.63001411502	13315.155938440616	11515.430162246701	12098.812750182393	12685.420372264223	12978.937686245688	13099.342686467184	13907.909508966857	12525.662891556673	11508.75824788049	14810.673188299843	11869.251099178433	13026.556709505247	13186.978993132785	13168.42238816101	13445.24880205953	12319.43112716508	12634.166168314567	12250.42558792003	11411.135616692698	13202.602635242716	13132.874051792038	12058.531442466361	12029.981118420475	11818.649300232299	11984.507225592613	10718.77497289815	12466.79924590575	12812.350673681884	12394.002514041451	12853.165065258914	12720.442653255586
4200	4500	9275.087569366107	18152.297196237665	13371.404037200262	10041.255266553835	13120.65832288083	9116.622653583185	11910.374332273375	13540.408293830023	11528.049244419642	9289.329399019363	13922.080850417897	19685.117357363302	11857.119145867284	12462.627411487056	11498.511316550926	14282.700530401673	15770.189697265625	14670.110803653493	9093.661985808512	17756.24840590533	13108.055686777509	9851.358653900634	12828.36116846647	8652.14229847301	11249.39632761951	12655.892369317891	20372.071352557854	12602.726541648131	11317.433969397047	13563.969734856228	11531.665771484375	14600.207808360428	8360.977870725235	12529.952187121058	11389.078624893828	11685.319879174707	10259.0142704034	11394.34979775757	10937.969061957465	10482.209817820582	9914.24378077328	12523.308050370308	10139.225297442332	10894.972154834437	10075.456132077436	9648.706368044544	10144.774421812996	11950.081626499825	10327.792530911825	13197.336822752086	10472.36514817922	9396.376658308098	11338.824957063654	10298.202641616868	9492.068949102146	8880.325633242546	10200.108284788763	14728.86979702006	11089.579373838671	11433.805681555707	10498.006471793226	10556.30087869682	10452.0556568507	9560.313608373823	9536.493484859564	10067.15059403148	9652.3971289021	10001.628402564356	8346.794970166553	9841.851520175409	10935.308129690577	10571.41514557262	10521.041041241228	10729.463676851385	9736.036930930102	12606.140892374211	10627.529882986975	10248.166638974455	9879.27274726335	9557.145726885114	10067.081159504942	12204.544395511439	10642.196632179053	12999.526764802025	10353.063002653515	9356.306263738777	10983.628275355708	10372.966816023285	9375.668976936933	9691.193596536415	10038.675673604057	14159.159837909774	10850.836281109443	10282.821206190598	10339.076778085055	10169.590809142668	10222.924215976953	9766.599934024092	9490.295349700795	10231.524093506185	9422.248296354472	10593.505974459167	7371.349782676894	9634.31016306619	9455.482819801402	10303.090738981007	11523.289895432876	12159.564815196638	12275.380352903701	12844.568070246116	12241.379741944718	12823.730292036636	11477.386894210076	11598.041764770694	12307.277652870003	13175.815721652072	12862.199254188694	13317.862373758462	11880.113424270596	11038.951238762842	15484.573699312468	11496.573461057553	12720.570656298742	11351.63090625	12644.103975996157	13346.549282563417	12891.736446567465	11861.734055387331	12227.445719190726	12058.984624730787	12423.640774937905	12172.928870294441	11636.201049406609	11787.762815973	11178.278998665188	11185.38893064295	9563.846054974725	10114.307534631276	12086.938757615633	12689.564798622074	11780.677980865641	12555.225767465894	12208.913890010681	13477.56702260502	11687.424094247073	12158.267539882769	10778.299868304595	11530.88331643665	12366.079902823805	12474.456168179335	12740.800414774269	13604.276411962956	12153.532014959843	11309.820475115483	14308.807281660573	11698.268775812836	12119.605103428528	13127.68695368105	12475.29076963434	13521.892547030917	11552.781137478378	11630.572082606683	11755.23308226383	11000.286133889194	12605.032891015435	12801.081419037551	12047.623955895242	11466.178175807212	11268.29256359907	12129.039129321412	10549.124933925244	9591.259095217454	10321.194994020383	12069.958344728086	12756.765590679383	12444.403617632337
4500	4800	8979.636430927845	21502.64769865337	13346.001719219004	9593.20379524964	12545.044502580275	7921.490236597347	11570.4246221081	12571.266663445367	11956.836545758928	9830.027567359895	13249.720571311465	20861.218597506788	11233.88007627772	11613.420136694815	11079.100217737268	14456.114162523674	15335.133544921875	14727.259497357536	8421.123967066891	15926.515502929688	12931.978805872339	9566.594063550738	12359.071575410939	8158.730982105152	10988.35073122089	12602.539157720832	20263.87018572688	11673.581035076815	11447.339145777416	14317.908279103163	13909.569091796875	14557.820283334839	7891.086195459906	12517.073152583745	10939.839038611268	10694.314532640921	10155.365717435632	12113.496503571701	10556.81029762354	10288.775327329282	9537.088672764401	13008.99199178574	10583.15011814322	11193.136942637513	10236.01510957422	9593.09236878927	10402.52640593998	11559.635917258342	9825.878780206653	12919.586050648953	9888.433861278443	8793.781802079064	9806.637917266891	10327.671814844975	9034.586311703202	8878.591184507597	9681.979306289017	13502.493999968916	10391.931466476997	10656.203412703804	9866.938895486202	10026.020810624488	10887.234378393789	9290.936439190524	9175.397622343497	10186.019253103275	9136.787289938058	9964.235995314022	8482.297751320944	10156.504117356799	10440.976059224286	10286.478267425195	10143.275915757666	9639.601844920513	9920.772802522715	11601.472635046533	9721.593480560474	10409.416671013756	9564.425817799995	9667.526208641415	10097.641135484944	12057.998934671772	10265.643413400534	13083.966166680615	9947.024546324908	9276.823394747656	10228.9732818307	9669.091592709527	9885.029032879731	9031.370144709286	10030.985535578244	14589.388088722704	10462.40343679499	9905.740699286374	10095.945344898755	9563.51267533682	10164.656588761512	9433.637281630175	9113.1595153437	10140.521880413624	9453.278760133451	10194.353772446579	8005.569373525398	8879.668218464612	9921.656274642231	10386.955147983856	12074.814060745519	11918.333480005149	12226.254729161079	13234.031381466595	13568.729272959185	12791.917176165029	11211.108596530632	11564.917122585799	11786.180583573641	12893.639149110299	12132.22160794413	12812.53557859197	10983.562765609677	10897.500770187202	14210.44433668525	12237.339864419488	11085.636015630802	10841.915139160155	11988.092922145961	12983.322854647708	12077.377897641523	11606.380838105606	11787.23997247771	11323.57235706012	13023.477149429107	12043.651276481767	11577.695874586334	11665.331206947245	10872.215713965374	11834.254947172734	11482.835501278149	11641.453628099034	11599.570228313578	12393.247052899796	11227.811087552918	11579.396409052015	11965.24158913143	12896.819329324995	12409.666519146722	12000.684162553713	10662.092876149163	11443.191372811283	11586.144646813942	12317.901802143779	12766.664529891897	13226.43825570838	11201.731691499981	11105.017468047941	14180.392356134962	12176.3990902612	12261.021091017561	11661.623161907806	11769.349854600126	13397.487586914658	11714.900708843545	11349.634791421868	11707.318537104185	10571.17897825698	12101.972078454488	12013.51548549107	11383.61863272681	11277.557706863416	11026.060919065487	11035.706037431075	11325.640651877868	10731.003402301973	11411.20034561538	11303.423010090097	12218.611152038402	12271.959494641405
4800	5100	8345.877392077986	17978.378411543996	12618.046531527163	9419.770418952043	12081.877410168196	8826.438839249431	10681.575015419408	12600.290844811334	10370.262030133928	9594.653820371068	12562.520569430433	19306.554515212967	11097.938392685966	9991.498168945312	9894.75302662037	12589.781656210544	15870.772216796875	12884.633584558824	9050.131681259365	13420.71771958295	12164.400645245254	9291.023721431302	10597.33650594286	7583.9777606486105	10066.263606627432	12246.549756178774	19607.00057239776	9403.64646948081	9590.747534029908	13197.33505026189	10211.425048828125	14521.109599853986	11937.236457104953	11589.054579738657	11999.114062610595	10264.91835246903	9844.842533903302	12151.648085626848	9931.709162861061	9576.792309601493	9277.688287475808	11530.16589437973	10517.440303105479	10025.60277995895	9555.249249661934	8849.39148512073	10392.095225575205	10956.758686339612	9308.753845287227	12370.835525258011	9189.163154999831	8556.425117394243	10284.605205046824	9530.818426418005	8748.570898097403	8306.655109840884	9183.93193359375	13886.519376346983	10082.303457102038	9794.559104959239	9502.210776643315	9586.75182900658	10214.14001486055	8592.603752441106	8531.154755188325	9607.769741852033	8430.71236962102	9437.42068315634	8567.66756314974	9026.941194282947	10764.033339228592	10207.164504430266	9608.24171607153	8681.517589821633	9266.584243413168	11524.139187374885	9558.199889108562	10072.835662968306	9624.04452970865	9067.862088254898	9008.658096307225	11466.622354186135	9873.531658912874	12379.08940754905	9323.993252362687	8938.553592408549	10301.853647421085	9386.343804460705	9503.081290413276	9785.283058141813	10093.593946059393	13531.90692911131	10447.561155836556	9670.979125893691	10208.459373593387	9255.202444024364	10249.708078262904	9405.777770060537	8800.204037658563	9744.742565682594	8883.76911333796	9655.20782924609	7015.335756608241	9336.609834535404	9084.743282253943	9748.843360441882	10731.823789050604	12801.720012564729	11508.130789548686	11831.781904241554	13243.68011689761	11796.621895864691	10665.400419940197	11250.764360909929	12150.480513272907	12136.852503213368	11754.165343688715	11937.746328626068	11103.863279973031	10833.160126112893	15079.829380722786	11312.811345623279	10994.856843944965	10701.472607421874	11669.145882709001	12652.467716927838	11517.760398079552	12074.144504949136	11475.43138143177	10705.72414987478	12891.34174302045	11744.26003677685	11068.40407110184	11113.245088018966	10452.820475901728	11160.942151489635	11336.957594927619	9740.404193150514	12069.267089196162	12057.981896833597	10713.1392155122	11497.199349623686	11746.718828516348	12396.323205470699	11731.5993145305	11763.769182240148	10398.763505168972	11009.630444582928	10864.332216799572	11994.240069438409	12130.914722073938	12691.214897840058	11289.188520746377	10757.613368862352	14541.25965450894	11255.056537750628	11593.330897002968	12789.820152983208	12444.882358029707	12530.0771630175	11190.07992250091	11386.89690258638	11403.603131260272	10975.049733206906	11128.135004170983	11978.148784162038	10899.072171610584	11406.878142724934	10183.19271635468	10753.290399935911	9590.049889800746	9134.082445114054	9965.406395428192	11428.732502738805	11950.510431519591	11948.75006863098
5100	5400	8130.348569246396	20208.367059004933	12148.174557714963	9011.427958109385	11490.338630781727	7915.477138659176	10159.791754091068	11763.45176823934	10984.465108816965	8491.949623635104	12327.798518400532	20702.3437672691	11665.179493285883	11570.204645493452	10173.75318431713	12801.188545119161	12505.387939453125	11825.300734145221	8590.154045561534	18367.615399528953	11584.365613653468	8794.530937916616	10683.109208827509	7964.988906297988	10150.985676276701	12655.719235286884	18616.096833777472	11362.916884204611	8188.341411042945	12111.389760164486	10982.366943359375	13842.02619125572	9312.053416126178	12252.512973202556	9291.062696307863	8677.474853029289	10030.522651336478	10356.669373653842	10384.612987573597	10198.765444466893	8969.907204549821	11547.787640414937	9701.95181978177	9695.274392995061	9121.800352262333	8775.793524782994	9806.04431157312	10943.948439769822	9351.547861824834	11901.779643205746	9543.51014837478	8349.711772510012	9657.883935620523	10277.305913790042	7834.737974142957	8050.1427923415995	8907.537891475664	14082.824106846818	9579.532769704218	9541.881889096467	8992.42103540322	9150.797603479652	10412.449618156426	8115.496810592263	8455.66533436679	9715.887896686338	8296.693477450095	9050.908202602011	7844.02968076845	8868.42392490379	9979.629720564715	9269.781230328586	10217.902106687543	9106.549540130934	9363.527389663743	11036.579127126963	9103.551107518584	9777.225495284787	9480.523884052462	8984.580820331876	9313.078451654355	11357.403950832808	9462.657008971817	11502.30197962758	9403.849035141971	8914.797256937996	10513.993761177522	9237.838757768732	8894.605505984333	8356.14078914309	9931.264860228324	13323.19325580019	9928.125878316887	9152.27863174511	9740.57934383653	8834.770284090802	9633.804272667043	9322.941951416002	8706.484099050103	9661.82740708615	8600.990360186077	9841.50840868557	7732.6311112862	9427.357083613626	9248.18152015187	9398.967975670119	11023.140353947407	11339.881485268465	11564.47778165236	11953.895941912591	13158.818196312615	12204.546835982092	10880.020756587513	10958.412077148574	11655.248423782132	12170.380231513094	11616.479518933056	11399.68446844588	10647.206810015017	10385.424298444234	13223.95610354055	11365.279344655493	10006.028301164215	10322.354740234376	11444.303873019546	13131.297824488234	11110.23205354782	11565.92159506733	10963.062269163354	10557.903166776772	12644.211068460587	10872.232039893592	10873.346659476305	10912.223572433635	10544.461559295654	11123.30586899586	9487.23006663603	9274.207997228368	11232.972103209964	10822.774417351566	11992.48402859013	10693.620961181547	11224.53673537409	12728.194822478617	11288.134044633478	11732.643701639015	10143.998316434168	10750.451126770731	11748.616849708083	11954.278750568243	11759.01102828336	11914.071969273578	10957.015330393764	10581.519713431517	13551.419268251115	10540.45576015133	11009.03038956618	12379.767688987433	12695.98967043376	12229.884375238042	10816.221416733999	11012.674831994995	11397.902557603815	10112.773700632331	11846.346995130043	11763.934942374679	10976.25629198821	10659.942683789008	10018.218633836315	10845.408134540157	10549.697149154243	9885.231938163228	10105.861468678504	11401.087263016228	12038.776499647951	11774.242767005457
